dim_0,dim_1,epoch,character
0.43715855,0.3700611,0, 
1.581573,-0.15563966,0,e
0.15109134,-1.3494922,0,t
-0.7089445,-0.243382,0,a
-0.03887383,1.0809842,0,o
0.90879077,0.0788743,0,n
-0.08952116,0.1713729,0,i
-0.15746896,1.9800397,0,r
0.75730693,-0.42737582,0,s
-1.5917616,-0.07361122,0,h
-1.9979472,0.09059091,0,l
0.982176,0.068138056,0,d
-0.09955664,0.80334395,0,c
1.044137,-0.52012765,0,u
0.8058817,1.0866966,0,m
0.25927034,1.8513728,0,f
1.2093185,1.5929683,0,p
0.5640137,-0.6749199,0,g
0.091413766,0.39475566,0,y
1.5457104,-0.36096054,0,w
-0.27226314,0.62785715,0,b
-1.9770651,0.30201632,0,.
-1.0226368,-0.74714863,0,","
-0.5051301,0.4635841,0,v
0.07122043,-1.2177619,0,k
1.0489852,-0.98672575,0,'
0.62634057,-1.739613,0,T
-1.1493645,-0.8489328,0,-
0.6009858,-1.5412188,0,S
1.0329226,-0.8812986,0,M
0.3829615,1.4596353,0,`
1.0305423,0.8792528,0,C
0.32856736,-0.074202634,0,A
0.14140496,-1.2538062,0,1
-0.95538443,1.0691961,0,0
1.1713247,-0.248284,0,B
0.0063628894,0.23263441,0,H
0.95270425,-0.4139318,0,P
1.1716223,1.6208951,0,x
0.7747581,-0.23497152,0,I
-0.27529758,-0.13301834,0,W
0.026622228,0.23825394,0,D
0.43962663,-1.159601,0,R
0.09952423,1.708459,0,F
1.8984557,-0.6291782,0,L
-0.21173386,-1.9887606,0,G
0.360546,-1.2416636,0,J
-1.3239378,0.9785102,0,2
-0.7284106,0.37546638,0,N
-0.19037521,0.8099748,0,5
0.9298468,0.18676203,0,j
0.5845764,0.3041664,0,9
1.4423637,1.34799,0,E
0.97064185,-0.7726748,0,O
-1.079995,-0.3143241,0,q
-0.73074937,0.4438162,0,K
-0.3350334,-1.1513637,0,3
-0.34511402,-1.8816322,0,6
1.871529,-0.24930492,0,z
0.10502059,-0.7197165,0,;
0.004619459,-0.2136181,0,4
-0.327063,-1.445109,0,U
1.6749991,-0.9074433,0,7
-0.49681765,1.0563092,0,8
1.4613357,-0.07701435,0,$
-1.0376238,0.07800276,0,:
0.068419866,-0.90691715,0,)
0.75574756,0.72678375,0,(
-0.95677423,-1.1259103,0,Y
0.0,0.0,0,~
1.3489834,1.4765649,1, 
1.933124,-0.49800187,1,e
0.6197679,-1.7923912,1,t
1.1333259,0.2852776,1,a
-0.2792717,1.0411829,1,o
1.088947,-0.52810794,1,n
0.9101188,0.59790266,1,i
-0.096501045,-0.04494389,1,r
1.1564045,-0.9259972,1,s
-1.506286,0.8141172,1,h
-1.4421257,0.9330604,1,l
0.5458668,-0.81844145,1,d
-0.40933114,0.065418705,1,c
0.9841744,0.53004175,1,u
-0.73876715,0.1301243,1,m
-0.44685057,0.18869801,1,f
-0.16708288,0.020752082,1,p
0.51007235,-0.9451471,1,g
1.2,-1.3092734,1,y
-0.020420743,-1.0498116,1,w
-1.2061597,0.5802742,1,b
-1.7324489,-0.9993097,1,.
-1.3320748,-0.34013107,1,","
-0.53687483,-0.17515323,1,v
0.30730337,-0.7605757,1,k
1.6774718,-0.6742077,1,'
0.9488576,-1.7589723,1,T
-0.09870757,0.45119533,1,-
1.1810052,-0.7927509,1,S
0.37694588,-0.17329681,1,M
-1.1552584,1.2943666,1,`
0.42501178,-0.5311594,1,C
1.3729839,0.82754725,1,A
-0.50069,-1.9363132,1,1
-1.8495029,0.6383595,1,0
0.097565606,0.036570624,1,B
-0.8987196,0.25315973,1,H
0.3320262,-0.26864815,1,P
1.9794492,0.28597417,1,x
1.2954181,0.47878057,1,I
0.5472869,-0.6753855,1,W
0.031158794,-0.035304956,1,D
0.5583339,-0.525896,1,R
-0.066402406,0.16470633,1,F
0.6769876,-0.49184996,1,L
0.32506853,-0.2936982,1,G
0.4795337,-0.39920884,1,J
-1.9700752,0.34467787,1,2
-0.9704731,0.3036287,1,N
-1.7089559,0.29419988,1,5
-0.48466656,0.10671353,1,j
0.3081804,1.1704366,1,9
1.7836027,0.8820068,1,E
1.6926774,-0.4871296,1,O
-0.5797649,0.41841415,1,q
-0.009717444,0.026442839,1,K
-0.57650197,-1.3319283,1,3
-0.50139433,-1.6491628,1,6
0.38293624,-1.1949865,1,z
-1.4420574,-0.805589,1,;
-1.1213446,-0.59070474,1,4
0.96959186,-0.23346248,1,U
0.753988,-0.2593408,1,7
-1.7050704,0.17477202,1,8
1.4245275,1.4038235,1,$
-1.9213574,-0.42976782,1,:
-0.9487103,-0.6955557,1,)
-1.2552009,-0.95085406,1,(
-0.122998744,-0.3316947,1,Y
0.0,0.0,1,~
1.3534365,1.472484,2, 
1.8802367,-0.5559311,2,e
0.56360066,-1.6728162,2,t
1.4022166,0.09179689,2,a
-0.50642157,1.2877388,2,o
0.47938943,-0.37334934,2,n
1.0196986,0.43516433,2,i
-0.0069776746,-0.16307715,2,r
0.9551672,-1.084209,2,s
-1.4369115,0.8357727,2,h
-1.3004789,0.8224572,2,l
0.33451614,-0.6499606,2,d
-0.43720722,0.12650643,2,c
0.85610104,0.5226623,2,u
-1.1428041,0.43602055,2,m
-0.3758699,-0.3268928,2,f
-0.19603278,-0.27027267,2,p
-0.10588148,-0.8392516,2,g
1.196625,-1.5621012,2,y
-0.44514892,-1.0571159,2,w
-1.2803835,0.7607907,2,b
-1.5914508,-1.211315,2,.
-1.451156,-0.32315406,2,","
-0.76296943,-0.066936575,2,v
0.40778375,-0.6732408,2,k
1.5879827,-0.7018433,2,'
1.0075994,-1.7215946,2,T
-0.48646984,0.6813465,2,-
0.9264517,-1.021361,2,S
0.059829094,-0.13160822,2,M
-1.039294,1.2402033,2,`
0.33238423,-0.6827021,2,C
1.4902604,0.4815127,2,A
-0.5219028,-1.9307039,2,1
-1.9503313,0.41795993,2,0
0.11762914,-0.11568997,2,B
-1.0873399,0.46354654,2,H
-0.086715825,-0.36832905,2,P
1.9841495,0.25129706,2,x
0.9356821,0.17173003,2,I
0.72042394,-0.88369495,2,W
0.15320706,-0.42338964,2,D
0.54619503,-0.70949554,2,R
-0.2621126,-0.16570126,2,F
0.46244568,-0.6727331,2,L
0.039551087,-0.30466446,2,G
0.22581102,-0.22615069,2,J
-1.9908402,0.19119506,2,2
-0.93364453,0.44790813,2,N
-1.9479057,0.24872474,2,5
-0.52112097,0.4464467,2,j
-0.30182058,0.93135387,2,9
1.9461769,0.46086335,2,E
1.5010277,-0.35309607,2,O
-0.77899903,0.58596337,2,q
0.014917749,-0.2676662,2,K
-0.54796153,-1.6453322,2,3
-0.5241129,-1.7775811,2,6
0.4446826,-1.4053055,2,z
-1.2003057,-0.8549093,2,;
-0.5475225,-1.5636275,2,4
0.7027946,-0.14846691,2,U
0.66462386,-0.44399452,2,7
-1.8912859,0.21232992,2,8
1.6623291,1.1120528,2,$
-1.804495,-0.5788464,2,:
-1.1846068,-0.6918061,2,)
-1.3795394,-0.89631325,2,(
-0.3920356,-0.8849267,2,Y
0.0,0.0,2,~
1.2889447,1.529255,3, 
1.9099265,-0.54533887,3,e
0.5625531,-1.7365367,3,t
1.4079425,0.08277681,3,a
-0.6650024,1.2914101,3,o
0.37513497,-0.40163565,3,n
0.9641058,0.3603332,3,i
-0.13794583,-0.14102933,3,r
0.89388806,-1.1782452,3,s
-1.4783603,0.8284512,3,h
-1.2908312,0.8448343,3,l
0.14625265,-0.61776775,3,d
-0.519169,0.11335971,3,c
1.092115,0.36794385,3,u
-1.2321968,0.38808444,3,m
-0.4465237,-0.43542102,3,f
-0.2416185,-0.35025302,3,p
-0.07431258,-0.87597966,3,g
1.1439244,-1.6405599,3,y
-0.3938356,-1.1691719,3,w
-1.2978935,0.8198498,3,b
-1.5387253,-1.2776244,3,.
-1.6647829,-0.24516246,3,","
-0.99231154,0.19976594,3,v
0.40540287,-0.75252324,3,k
1.546493,-0.65458155,3,'
0.8569552,-1.7744541,3,T
-0.665045,0.7009642,3,-
0.8844297,-1.1181809,3,S
-0.06316142,-0.16618074,3,M
-1.2115566,1.3475063,3,`
0.17961212,-0.70810694,3,C
1.4467324,0.33925343,3,A
-0.6231686,-1.8840485,3,1
-1.9814228,0.2719614,3,0
0.00948494,-0.28877515,3,B
-1.1243502,0.18875101,3,H
-0.1805861,-0.33147067,3,P
1.720406,0.27700156,3,x
0.71625113,0.080115356,3,I
0.56812507,-0.88793737,3,W
0.007237154,-0.36216557,3,D
0.35179338,-0.7054192,3,R
-0.21065797,-0.28842676,3,F
0.3495948,-0.6704757,3,L
0.022446062,-0.5007225,3,G
0.042604357,-0.22824553,3,J
-1.9555707,0.29059717,3,2
-0.9211323,0.32769093,3,N
-1.9650536,0.28660133,3,5
-0.558296,0.4663266,3,j
0.013200988,0.19070758,3,9
1.9613627,0.33776718,3,E
1.7399921,-0.35650277,3,O
-0.8697081,0.7671334,3,q
-0.2265651,-0.35054988,3,K
-0.63680923,-1.5656428,3,3
-0.55436695,-1.7083662,3,6
0.43321872,-1.298651,3,z
-1.0261186,-1.1733695,3,;
-0.57407063,-1.6939267,3,4
0.16576533,0.17973013,3,U
0.740255,-0.68971914,3,7
-1.9096465,0.22297153,3,8
1.7935289,0.88501596,3,$
-1.6619636,-0.5999483,3,:
-1.5522074,-0.68280697,3,)
-1.4936352,-0.66513145,3,(
-0.38071314,-0.9498448,3,Y
0.0,0.0,3,~
1.2444733,1.5656585,4, 
1.9099827,-0.5461599,4,e
0.4970434,-1.7448648,4,t
1.3573421,0.090907186,4,a
-0.69366735,1.3023394,4,o
0.2737507,-0.4077197,4,n
0.93934214,0.36768562,4,i
-0.17721286,-0.19951084,4,r
0.8572333,-1.2173887,4,s
-1.5127827,0.8472306,4,h
-1.3120102,0.8666469,4,l
0.061928216,-0.59555143,4,d
-0.50197846,0.060226645,4,c
1.1058121,0.36641985,4,u
-1.2526001,0.34752145,4,m
-0.5037911,-0.5133916,4,f
-0.3253655,-0.38144192,4,p
-0.058348835,-0.9424576,4,g
1.1623282,-1.6275727,4,y
-0.3816832,-1.2242273,4,w
-1.3218399,0.84307915,4,b
-1.5688884,-1.2403988,4,.
-1.7290453,-0.2690364,4,","
-1.1271354,0.2256408,4,v
0.34977588,-0.7361802,4,k
1.4310199,-0.6575646,4,'
0.7639376,-1.6761672,4,T
-0.748748,0.8351682,4,-
0.83107466,-1.1506852,4,S
-0.123044975,-0.18611304,4,M
-1.2853563,1.4093068,4,`
0.1740249,-0.73665005,4,C
1.4197868,0.2997798,4,A
-0.62347496,-1.9003364,4,1
-1.9684305,0.35395053,4,0
-0.053416643,-0.44825107,4,B
-1.0647019,0.20520578,4,H
-0.31611347,-0.44516176,4,P
1.5925183,0.4271031,4,x
0.82894033,0.108441085,4,I
0.47245282,-1.0316838,4,W
-0.023468127,-0.28310707,4,D
0.2914814,-0.64214694,4,R
-0.33255002,-0.36148307,4,F
0.20037925,-0.615183,4,L
-0.06634464,-0.5007461,4,G
-0.1750163,-0.1380925,4,J
-1.9422168,0.1834425,4,2
-0.92513216,0.32090408,4,N
-1.9678249,0.25369674,4,5
-0.8043131,0.5462387,4,j
0.13155529,0.108351916,4,9
1.8737788,0.27929735,4,E
1.9528154,-0.43187052,4,O
-0.914232,0.7670961,4,q
-0.30287108,-0.119521506,4,K
-0.6673096,-1.6752557,4,3
-0.6157742,-1.6715434,4,6
0.2840395,-1.4446461,4,z
-0.85028553,-1.3411839,4,;
-0.58534306,-1.7322576,4,4
0.10103496,0.25699955,4,U
0.8188068,-0.7207658,4,7
-1.8697196,0.12082841,4,8
1.8103889,0.8499947,4,$
-1.5441059,-0.61637497,4,:
-1.8342303,-0.2920666,4,)
-1.740914,-0.6066049,4,(
-0.3637313,-1.1151745,4,Y
0.0,0.0,4,~
1.2281406,1.5752163,5, 
1.9252102,-0.52459407,5,e
0.49917373,-1.7001228,5,t
1.3227782,0.109790616,5,a
-0.75460285,1.2955368,5,o
0.19166146,-0.38685405,5,n
0.86352074,0.40332842,5,i
-0.16820815,-0.22338395,5,r
0.8268274,-1.2416207,5,s
-1.5397668,0.8910417,5,h
-1.2736152,0.89875704,5,l
0.03923997,-0.6588357,5,d
-0.545249,0.028651027,5,c
1.0242399,0.41096118,5,u
-1.2887826,0.2544739,5,m
-0.5637611,-0.5474015,5,f
-0.3712902,-0.37467906,5,p
-0.11874695,-0.95341885,5,g
1.1022685,-1.668833,5,y
-0.3774843,-1.28838,5,w
-1.3512771,0.86772275,5,b
-1.5683857,-1.2410343,5,.
-1.7665893,-0.30329084,5,","
-1.1560775,0.26128042,5,v
0.28199342,-0.82469976,5,k
1.3658164,-0.5670189,5,'
0.5953766,-1.5649499,5,T
-0.7789701,0.8197544,5,-
0.9415661,-1.2079211,5,S
-0.17380996,-0.23280288,5,M
-1.3142029,1.3968055,5,`
0.07335139,-0.72737056,5,C
1.3590938,0.36517632,5,A
-0.6816298,-1.8489487,5,1
-1.9705036,0.2982337,5,0
-0.11552785,-0.49169168,5,B
-1.0825195,0.27893934,5,H
-0.38877013,-0.43075734,5,P
1.5053982,0.40957445,5,x
0.83252054,0.08939359,5,I
0.4848759,-1.0097761,5,W
-0.115931675,-0.2685061,5,D
0.2360565,-0.6878695,5,R
-0.43425316,-0.50365984,5,F
0.115164675,-0.5535614,5,L
-0.13358997,-0.48217013,5,G
-0.3809878,-0.07982063,5,J
-1.9225204,0.0554835,5,2
-0.9554922,0.215111,5,N
-1.9633956,0.14454749,5,5
-0.9691203,0.73551863,5,j
0.48501474,-0.38204107,5,9
1.9077961,0.21658029,5,E
1.9500704,-0.43972906,5,O
-0.9226837,0.7611966,5,q
-0.36308536,-0.04961779,5,K
-0.6902421,-1.6089307,5,3
-0.638879,-1.6525348,5,6
0.37493324,-1.4927309,5,z
-0.93958974,-1.5551169,5,;
-0.61295336,-1.6929982,5,4
0.035054382,0.28846827,5,U
0.7808569,-0.94776726,5,7
-1.9884607,0.07428237,5,8
1.7731233,0.92522067,5,$
-1.5196464,-0.7592816,5,:
-1.9279791,-0.24796824,5,)
-1.7719301,-0.3931353,5,(
-0.36770755,-1.066318,5,Y
0.0,0.0,5,~
1.2348251,1.5732789,6, 
1.9071296,-0.5279784,6,e
0.49389958,-1.6912253,6,t
1.3002143,0.14785326,6,a
-0.6801186,1.2761745,6,o
0.13483551,-0.36462817,6,n
0.82654834,0.40746233,6,i
-0.23739485,-0.21816306,6,r
0.79259616,-1.2115892,6,s
-1.5545231,0.88729024,6,h
-1.265616,0.88462806,6,l
-0.008974895,-0.7174761,6,d
-0.5667406,0.027661148,6,c
0.9950818,0.4117987,6,u
-1.282406,0.22269288,6,m
-0.60213315,-0.53814214,6,f
-0.39033645,-0.42536387,6,p
-0.15408649,-0.90841705,6,g
1.1072412,-1.664495,6,y
-0.42553818,-1.2454886,6,w
-1.4029983,0.8558724,6,b
-1.5860125,-1.1575059,6,.
-1.7680671,-0.35602802,6,","
-1.1817921,0.26161042,6,v
0.3503313,-0.866832,6,k
1.2929038,-0.5183258,6,'
0.5440461,-1.5203291,6,T
-0.61468416,0.7577398,6,-
0.9059049,-1.3652058,6,S
-0.20128474,-0.25251618,6,M
-1.3501658,1.4474624,6,`
0.0924421,-0.73624325,6,C
1.3718033,0.31324708,6,A
-0.67867804,-1.8813282,6,1
-1.9900252,0.19949768,6,0
-0.14185947,-0.5662488,6,B
-1.1697032,0.25288454,6,H
-0.40620595,-0.44599167,6,P
1.4196743,0.4210247,6,x
0.75044286,0.1598228,6,I
0.473882,-0.9722679,6,W
-0.064396195,-0.25790012,6,D
0.1351705,-0.65168214,6,R
-0.4129707,-0.44465923,6,F
0.08648337,-0.4110466,6,L
-0.14208649,-0.3192695,6,G
-0.43302655,-0.08322011,6,J
-1.9214995,0.07648718,6,2
-0.8960902,0.09639944,6,N
-1.9880846,0.12181897,6,5
-1.1040344,0.7628376,6,j
0.51525325,-0.38156807,6,9
1.9096392,0.29479688,6,E
1.9475982,-0.4548193,6,O
-0.9057268,0.82989025,6,q
-0.5164971,-0.058597244,6,K
-0.6714147,-1.7296447,6,3
-0.729178,-1.6060853,6,6
0.45409304,-1.5198628,6,z
-0.91985554,-1.5901577,6,;
-0.63213116,-1.7392683,6,4
0.07054711,0.3624053,6,U
0.6980274,-0.8434119,6,7
-1.9172095,-0.067820646,6,8
1.7715077,0.9283103,6,$
-1.5134658,-0.7391899,6,:
-1.9344602,-0.29196033,6,)
-1.9283962,-0.4837568,6,(
-0.35023224,-1.1333747,6,Y
0.0,0.0,6,~
1.1805627,1.6140171,7, 
1.9037201,-0.5634678,7,e
0.4973158,-1.6723958,7,t
1.278681,0.18018687,7,a
-0.6663524,1.287067,7,o
0.10495621,-0.2831236,7,n
0.8039934,0.43055063,7,i
-0.22024514,-0.20699893,7,r
0.7492862,-1.2460784,7,s
-1.5651153,0.8868146,7,h
-1.2445304,0.9024266,7,l
0.004840428,-0.71249104,7,d
-0.54878056,-0.022075213,7,c
0.95097995,0.40866336,7,u
-1.3432007,0.22909866,7,m
-0.6108421,-0.62284464,7,f
-0.3959973,-0.4967685,7,p
-0.1567493,-0.98467225,7,g
1.1033949,-1.6680886,7,y
-0.47528657,-1.2908007,7,w
-1.4465703,0.85895336,7,b
-1.6089183,-1.1880157,7,.
-1.7180136,-0.3522773,7,","
-1.1477494,0.19595101,7,v
0.4527606,-0.97590864,7,k
1.2794449,-0.5553945,7,'
0.54829663,-1.5373766,7,T
-0.21511625,0.50220174,7,-
0.9259944,-1.4097795,7,S
-0.25543836,-0.28328666,7,M
-1.2895116,1.4298326,7,`
0.065159604,-0.7343147,7,C
1.4479964,0.38298583,7,A
-0.67291194,-1.8833984,7,1
-1.9520543,0.14293273,7,0
-0.022986472,-0.5401761,7,B
-1.3144971,0.2569977,7,H
-0.3551389,-0.34153628,7,P
1.4095488,0.46859726,7,x
0.81640905,0.1827564,7,I
0.44253197,-1.0083017,7,W
-0.10929402,-0.2546281,7,D
0.07458479,-0.5133418,7,R
-0.40723583,-0.4979184,7,F
-0.030507255,-0.27447024,7,L
-0.28902414,-0.376283,7,G
-0.39420813,0.006177378,7,J
-1.9971211,0.107269496,7,2
-0.9244579,0.15260538,7,N
-1.9948013,0.14411014,7,5
-1.1626757,0.79778695,7,j
0.5079774,-0.3559949,7,9
1.9854896,0.24048088,7,E
1.9520694,-0.43522894,7,O
-0.91433394,0.8533808,7,q
-0.50245124,-0.075546905,7,K
-0.66838026,-1.7258134,7,3
-0.77484155,-1.6031848,7,6
0.4547334,-1.5602852,7,z
-0.85975087,-1.509983,7,;
-0.71804756,-1.7535629,7,4
-0.08351789,0.3303301,7,U
0.8564881,-0.6840883,7,7
-1.9989699,-0.06417522,7,8
1.755452,0.9583257,7,$
-1.5509129,-0.6902019,7,:
-1.9741704,-0.30963793,7,)
-1.9260453,-0.484948,7,(
-0.3988428,-1.1450086,7,Y
0.0,0.0,7,~
1.1864853,1.5966568,8, 
1.8943617,-0.56046087,8,e
0.47224718,-1.7111496,8,t
1.2695435,0.21105386,8,a
-0.65498,1.2634302,8,o
0.076758616,-0.27438444,8,n
0.76749146,0.43436703,8,i
-0.25069118,-0.19748741,8,r
0.72174424,-1.2187377,8,s
-1.5983797,0.9387892,8,h
-1.2930834,0.8793838,8,l
-0.0008052925,-0.69933766,8,d
-0.54185605,-0.0026956266,8,c
1.0043939,0.46282226,8,u
-1.3272468,0.2006679,8,m
-0.65578574,-0.57327664,8,f
-0.3554407,-0.4886511,8,p
-0.22006333,-0.9792823,8,g
1.1166129,-1.6592695,8,y
-0.47599605,-1.2889946,8,w
-1.431111,0.86766946,8,b
-1.6414161,-1.1426957,8,.
-1.706208,-0.3908941,8,","
-1.1456895,0.19338669,8,v
0.54633224,-1.0822552,8,k
1.3043826,-0.5100598,8,'
0.592699,-1.5261103,8,T
0.0013915844,0.40495333,8,-
0.8643751,-1.4409868,8,S
-0.24036317,-0.28687295,8,M
-1.3670174,1.4353776,8,`
0.03933338,-0.7040584,8,C
1.4978981,0.37742567,8,A
-0.7210863,-1.8654851,8,1
-1.972313,0.15624627,8,0
-0.04786094,-0.5547998,8,B
-1.2715257,0.32652462,8,H
-0.50909984,-0.4580119,8,P
1.3908894,0.4106964,8,x
0.6889385,0.25236967,8,I
0.48519528,-1.0001137,8,W
-0.15441196,-0.31070885,8,D
0.04361467,-0.48970196,8,R
-0.46662962,-0.50740093,8,F
-0.21521915,-0.10445185,8,L
-0.35819224,-0.37384087,8,G
-0.41991517,-0.031897828,8,J
-1.9283757,-0.053303264,8,2
-1.0036201,0.018967139,8,N
-1.970137,0.08363241,8,5
-1.1442116,0.8055247,8,j
0.5703606,-0.3798628,8,9
1.9823903,0.26481822,8,E
1.995648,-0.1318676,8,O
-0.8848679,0.81199473,8,q
-0.6269871,-0.18988436,8,K
-0.7034101,-1.743294,8,3
-0.7009579,-1.7321696,8,6
0.3748006,-1.5408301,8,z
-0.9116534,-1.4867635,8,;
-0.71986187,-1.6758697,8,4
-0.15292996,0.4396238,8,U
0.91408855,-0.7604635,8,7
-1.9805025,-0.06665373,8,8
1.735422,0.99413806,8,$
-1.4921365,-0.69118893,8,:
-1.836792,-0.31606683,8,)
-1.8267479,-0.42533374,8,(
-0.4611542,-1.1190572,8,Y
0.0,0.0,8,~
1.1767454,1.6153531,9, 
1.9022471,-0.5597476,9,e
0.48613268,-1.7038866,9,t
1.2264597,0.23434433,9,a
-0.6443877,1.2482445,9,o
0.048543435,-0.2682335,9,n
0.7564666,0.45852244,9,i
-0.2420322,-0.20160487,9,r
0.71599895,-1.2170694,9,s
-1.6449325,0.9316378,9,h
-1.2822282,0.84998775,9,l
-0.015307279,-0.6599093,9,d
-0.59023774,-0.04464637,9,c
0.9174829,0.50026524,9,u
-1.354412,0.19922122,9,m
-0.69744706,-0.5753012,9,f
-0.35000846,-0.50002253,9,p
-0.19629878,-0.95782745,9,g
1.1378415,-1.6447845,9,y
-0.44761366,-1.3001646,9,w
-1.4354852,0.82232064,9,b
-1.6316522,-1.119971,9,.
-1.640313,-0.42086837,9,","
-1.1982491,0.19448961,9,v
0.5650204,-1.1650641,9,k
1.2775218,-0.540647,9,'
0.5978108,-1.5230343,9,T
0.042625867,0.3603084,9,-
0.87734944,-1.2885001,9,S
-0.22690831,-0.2836974,9,M
-1.3285965,1.441191,9,`
0.054666586,-0.76308256,9,C
1.5080073,0.3577779,9,A
-0.7455147,-1.8558576,9,1
-1.9965881,0.116770655,9,0
-0.062310066,-0.55682355,9,B
-1.335458,0.27911636,9,H
-0.4340791,-0.2514508,9,P
1.3245455,0.47869688,9,x
0.641043,0.22047365,9,I
0.4139562,-1.0859649,9,W
-0.10998463,-0.29699168,9,D
0.04995575,-0.4599905,9,R
-0.47586316,-0.4603409,9,F
-0.15990551,-0.06107446,9,L
-0.28326777,-0.32731363,9,G
-0.46219963,-0.09058812,9,J
-1.9717567,-0.07801652,9,2
-1.0456208,0.02616493,9,N
-1.9984202,-0.03409147,9,5
-1.1487106,0.8193999,9,j
0.51706225,-0.37141752,9,9
1.982519,0.2638517,9,E
1.9994514,-0.04683235,9,O
-0.92390364,0.8736303,9,q
-0.5691906,-0.110527806,9,K
-0.72481954,-1.6968899,9,3
-0.7293482,-1.7200634,9,6
0.47901526,-1.4840438,9,z
-0.96289337,-1.4793212,9,;
-0.7358121,-1.7267854,9,4
-0.2322554,0.561512,9,U
0.83682567,-0.74696964,9,7
-1.9470586,-0.13817593,9,8
1.716375,1.0251238,9,$
-1.5146018,-0.6755751,9,:
-1.8154296,-0.37921506,9,)
-1.7878646,-0.45869145,9,(
-0.48250413,-1.1156868,9,Y
0.0,0.0,9,~
1.1577632,1.629099,10, 
1.9021797,-0.5643276,10,e
0.4828177,-1.6823703,10,t
1.2702502,0.2599655,10,a
-0.68117607,1.2850773,10,o
0.033317097,-0.22855803,10,n
0.74431795,0.4694241,10,i
-0.24285553,-0.17377862,10,r
0.70018363,-1.2247989,10,s
-1.6443715,0.87327343,10,h
-1.2953598,0.87337816,10,l
-0.027679441,-0.702903,10,d
-0.5886593,-0.036894478,10,c
0.90692,0.44237325,10,u
-1.3643546,0.20450775,10,m
-0.7056659,-0.5749528,10,f
-0.3298343,-0.5140388,10,p
-0.2349506,-0.9938451,10,g
1.1326177,-1.648386,10,y
-0.4807749,-1.2889559,10,w
-1.4758079,0.83250654,10,b
-1.5996932,-1.1159394,10,.
-1.6279645,-0.43288133,10,","
-1.1844026,0.16910471,10,v
0.58156174,-1.1411363,10,k
1.3435608,-0.53132516,10,'
0.53600967,-1.5473472,10,T
0.07187195,0.30386528,10,-
0.84751856,-1.2943709,10,S
-0.2114506,-0.2833403,10,M
-1.3407902,1.4399295,10,`
0.10086325,-0.7806834,10,C
1.5464003,0.3916002,10,A
-0.6835009,-1.8303041,10,1
-1.9999989,0.001891111,10,0
0.008369135,-0.5353151,10,B
-1.2820555,0.3663252,10,H
-0.4502165,-0.2733834,10,P
1.282451,0.50488114,10,x
0.7230214,0.21971928,10,I
0.4469709,-1.1153135,10,W
-0.12162194,-0.32010037,10,D
0.017116252,-0.4596181,10,R
-0.4850801,-0.5305666,10,F
-0.20792602,-0.05092393,10,L
-0.38401115,-0.45851234,10,G
-0.5327582,0.011642961,10,J
-1.9792503,-0.08645655,10,2
-0.9873895,0.046340354,10,N
-1.9988925,0.0013449532,10,5
-1.1613044,0.8232906,10,j
0.44520652,-0.339681,10,9
1.9786271,0.23433502,10,E
1.997581,-0.02281833,10,O
-0.8460164,0.8372075,10,q
-0.4871062,-0.19703971,10,K
-0.6705874,-1.6728766,10,3
-0.7644201,-1.5771282,10,6
0.51758206,-1.5985548,10,z
-0.96190834,-1.5591748,10,;
-0.76505965,-1.6695986,10,4
-0.31715506,0.56419694,10,U
0.83795756,-0.71365416,10,7
-1.9802511,-0.051842604,10,8
1.666288,1.106112,10,$
-1.5528858,-0.7346618,10,:
-1.8486135,-0.4076012,10,)
-1.8395973,-0.4991729,10,(
-0.5542805,-1.1738718,10,Y
0.0,0.0,10,~
1.162258,1.6276227,11, 
1.9132624,-0.5506723,11,e
0.5245676,-1.6856487,11,t
1.2297584,0.27488688,11,a
-0.6701839,1.3297925,11,o
0.025543718,-0.22120288,11,n
0.70723987,0.46987337,11,i
-0.22682324,-0.17017558,11,r
0.70380425,-1.2201018,11,s
-1.6575922,0.92739445,11,h
-1.3215164,0.89090127,11,l
0.033961438,-0.70524323,11,d
-0.599289,-0.047617383,11,c
0.9040282,0.4704763,11,u
-1.3544563,0.20602743,11,m
-0.7363285,-0.5203079,11,f
-0.44067714,-0.50594175,11,p
-0.22408545,-0.97680104,11,g
1.1557268,-1.6322669,11,y
-0.5296764,-1.278025,11,w
-1.4449487,0.8156493,11,b
-1.624036,-1.1672647,11,.
-1.5946132,-0.42978966,11,","
-1.1523218,0.18341228,11,v
0.62125605,-1.1205186,11,k
1.4093925,-0.55585307,11,'
0.55823016,-1.5494843,11,T
0.046745874,0.27790585,11,-
0.7749084,-1.2648298,11,S
-0.24587806,-0.29771757,11,M
-1.3400416,1.4772403,11,`
0.06604731,-0.74818355,11,C
1.5212274,0.37204176,11,A
-0.748741,-1.8367046,11,1
-1.9998457,0.024820399,11,0
-0.14251369,-0.59685653,11,B
-1.2968479,0.40787226,11,H
-0.5052463,-0.3880005,11,P
1.274592,0.602853,11,x
0.71467006,0.31324458,11,I
0.5009016,-1.0919828,11,W
-0.09439134,-0.37679002,11,D
-0.04506482,-0.4800934,11,R
-0.5391655,-0.5089895,11,F
-0.15899172,-0.020920102,11,L
-0.32499072,-0.35869697,11,G
-0.506595,-0.1122973,11,J
-1.9866116,-0.18362436,11,2
-0.88610697,0.028869897,11,N
-1.9910594,-0.0049275598,11,5
-1.143407,0.89346,11,j
0.5150289,-0.3438938,11,9
1.936743,0.26354292,11,E
1.9355984,-0.07841315,11,O
-0.92427665,0.7610378,11,q
-0.54220814,-0.112180784,11,K
-0.75481427,-1.7038351,11,3
-0.69713783,-1.7213256,11,6
0.47165778,-1.6288851,11,z
-0.9913132,-1.5108325,11,;
-0.7163104,-1.690691,11,4
-0.32224616,0.57019067,11,U
0.7034634,-0.5723827,11,7
-1.9874791,-0.15276517,11,8
1.6897482,0.9888089,11,$
-1.582672,-0.77213734,11,:
-1.7101026,-0.36164534,11,)
-1.8140554,-0.62410855,11,(
-0.44404796,-1.0982821,11,Y
0.0,0.0,11,~
1.143119,1.6404696,12, 
1.8890117,-0.5480368,12,e
0.5143766,-1.678432,12,t
1.2151153,0.3043085,12,a
-0.72016484,1.3563619,12,o
0.016288333,-0.22140074,12,n
0.7232156,0.5059266,12,i
-0.21513702,-0.14156604,12,r
0.7044608,-1.1902679,12,s
-1.6859186,0.92067426,12,h
-1.3054687,0.87317955,12,l
0.015610534,-0.7070165,12,d
-0.59204626,-0.027156504,12,c
0.8682416,0.47538272,12,u
-1.3349277,0.1939678,12,m
-0.7178326,-0.5803241,12,f
-0.42257965,-0.45315188,12,p
-0.22980702,-1.0313478,12,g
1.1409814,-1.6232998,12,y
-0.5101747,-1.291487,12,w
-1.4394078,0.79801273,12,b
-1.5517126,-1.2587901,12,.
-1.6226596,-0.4535059,12,","
-1.146209,0.07922673,12,v
0.58809376,-1.114597,12,k
1.3798381,-0.54761577,12,'
0.55027014,-1.5202507,12,T
0.032087907,0.29581594,12,-
0.74966055,-1.2603955,12,S
-0.21871047,-0.31228182,12,M
-1.341511,1.4361479,12,`
0.11523591,-0.8470053,12,C
1.5684981,0.37775034,12,A
-0.7532987,-1.8527117,12,1
-1.9996386,-0.038017154,12,0
-0.08795741,-0.5835441,12,B
-1.292603,0.373368,12,H
-0.46581677,-0.44431415,12,P
1.2293797,0.5742247,12,x
0.7265721,0.25905558,12,I
0.54769653,-1.03356,12,W
-0.047348313,-0.35606053,12,D
-0.030691873,-0.47131073,12,R
-0.5048757,-0.4480974,12,F
-0.2215908,-0.032873023,12,L
-0.22403993,-0.30782172,12,G
-0.5546095,-0.0277422,12,J
-1.9802729,-0.18337587,12,2
-1.0194125,-0.07255239,12,N
-1.9517571,0.063240185,12,5
-1.1164476,0.8932473,12,j
0.45588204,-0.2884405,12,9
1.9532397,0.3370574,12,E
1.999829,0.026147472,12,O
-0.9298877,0.8275761,12,q
-0.6065622,-0.13057521,12,K
-0.71758056,-1.641436,12,3
-0.7866664,-1.6357346,12,6
0.46115184,-1.6781644,12,z
-0.9404536,-1.4804429,12,;
-0.7859721,-1.5628546,12,4
-0.29491338,0.6249614,12,U
0.7856822,-0.62966394,12,7
-1.9779801,-0.21637473,12,8
1.650478,1.0011842,12,$
-1.5286316,-0.7739537,12,:
-1.8463506,-0.43557402,12,)
-1.7854681,-0.5563872,12,(
-0.5768708,-1.164204,12,Y
0.0,0.0,12,~
1.0926518,1.6751453,13, 
1.9027574,-0.5269932,13,e
0.5042565,-1.7035528,13,t
1.257329,0.3098218,13,a
-0.7519165,1.3889673,13,o
0.0163461,-0.20507085,13,n
0.68273973,0.48780325,13,i
-0.2245072,-0.124556154,13,r
0.68041545,-1.21967,13,s
-1.6906155,0.917083,13,h
-1.3388305,0.8617834,13,l
0.015219904,-0.6835937,13,d
-0.6324657,-0.04126402,13,c
0.9165239,0.41115326,13,u
-1.3720677,0.13730562,13,m
-0.7245176,-0.5699387,13,f
-0.46051154,-0.48057693,13,p
-0.20302801,-1.0441685,13,g
1.2408154,-1.5685589,13,y
-0.49960947,-1.2646631,13,w
-1.4199835,0.7899465,13,b
-1.4647623,-1.3617897,13,.
-1.5979562,-0.44065318,13,","
-1.1489195,0.14011449,13,v
0.56901413,-1.1202422,13,k
1.434969,-0.53986514,13,'
0.5500341,-1.5810105,13,T
0.052181028,0.25068143,13,-
0.7770766,-1.1505164,13,S
-0.22590013,-0.34487942,13,M
-1.3587191,1.4547776,13,`
0.1454652,-0.80540824,13,C
1.5678992,0.39279667,13,A
-0.70576084,-1.8621346,13,1
-1.9953216,-0.077736296,13,0
-0.0504269,-0.5044265,13,B
-1.344376,0.3648203,13,H
-0.5045668,-0.45810926,13,P
1.2106069,0.5894949,13,x
0.70448476,0.23336019,13,I
0.46974754,-1.0035539,13,W
-0.03558912,-0.48105615,13,D
0.011506276,-0.49497035,13,R
-0.49612784,-0.46551496,13,F
-0.15912923,-0.08322433,13,L
-0.3055906,-0.3618739,13,G
-0.5570281,-0.10735903,13,J
-1.9585501,-0.15381145,13,2
-0.9677961,0.047909055,13,N
-1.998121,-0.060435865,13,5
-1.1945139,0.8731854,13,j
0.36563915,-0.27590784,13,9
1.9242967,0.23759481,13,E
1.989259,-0.014868834,13,O
-0.89302206,0.89214945,13,q
-0.71081126,-0.13507457,13,K
-0.7627436,-1.6504661,13,3
-0.80958223,-1.6928524,13,6
0.61848646,-1.861523,13,z
-0.94753623,-1.5031596,13,;
-0.7904326,-1.6834382,13,4
-0.32327724,0.6223796,13,U
0.70895463,-0.6782537,13,7
-1.9092834,-0.11526305,13,8
1.6484438,1.0738726,13,$
-1.5590147,-0.7650134,13,:
-1.7510707,-0.39005643,13,)
-1.749449,-0.59430045,13,(
-0.52490705,-1.217703,13,Y
0.0,0.0,13,~
1.104155,1.6675855,14, 
1.8667207,-0.53392166,14,e
0.536031,-1.6628183,14,t
1.2164974,0.3140072,14,a
-0.75502926,1.4142394,14,o
0.0022214348,-0.18729268,14,n
0.6848773,0.50951195,14,i
-0.19914564,-0.13175969,14,r
0.70040977,-1.1928787,14,s
-1.6900402,0.9788282,14,h
-1.3431592,0.8727672,14,l
0.04107876,-0.6907235,14,d
-0.61834925,-0.05256233,14,c
0.89528847,0.40562448,14,u
-1.3616203,0.2251495,14,m
-0.7343068,-0.55023843,14,f
-0.4706325,-0.42310715,14,p
-0.22970606,-1.0315278,14,g
1.1987566,-1.6009319,14,y
-0.52151877,-1.2729797,14,w
-1.4374852,0.77389836,14,b
-1.4392524,-1.3887233,14,.
-1.5903753,-0.47372925,14,","
-1.1481421,0.0973919,14,v
0.5993106,-1.0699044,14,k
1.4212265,-0.49815682,14,'
0.5749401,-1.5022283,14,T
0.076260194,0.27191284,14,-
0.7216045,-1.2443398,14,S
-0.20824344,-0.3421204,14,M
-1.3824837,1.4452469,14,`
0.11406309,-0.80828446,14,C
1.5812382,0.39477468,14,A
-0.7029766,-1.8660223,14,1
-1.9982151,-0.08447651,14,0
-0.080947354,-0.45631844,14,B
-1.2575959,0.27686855,14,H
-0.46788907,-0.41332465,14,P
1.2317586,0.57412004,14,x
0.7363581,0.24332114,14,I
0.43766755,-1.0244111,14,W
0.00920613,-0.43702906,14,D
0.054890476,-0.45542234,14,R
-0.5189762,-0.50809634,14,F
-0.21121146,-0.13555315,14,L
-0.33181307,-0.31148812,14,G
-0.5745021,-0.034255248,14,J
-1.9907186,-0.19245546,14,2
-0.934205,-0.050571237,14,N
-1.9415195,-0.02056646,14,5
-1.2182267,0.88391435,14,j
0.45566076,-0.32231194,14,9
1.976189,0.30769557,14,E
1.9932674,0.048245534,14,O
-0.91883373,0.8414551,14,q
-0.73269016,-0.17487268,14,K
-0.719046,-1.6875007,14,3
-0.82145804,-1.6835783,14,6
0.62221074,-1.8692127,14,z
-0.90177226,-1.4145191,14,;
-0.7618691,-1.6686393,14,4
-0.31457776,0.6269463,14,U
0.6702569,-0.76812756,14,7
-1.8940963,-0.22538777,14,8
1.6879092,1.0418679,14,$
-1.4016187,-0.7167994,14,:
-1.7617494,-0.4318498,14,)
-1.6639493,-0.53957367,14,(
-0.5148119,-1.1329807,14,Y
0.0,0.0,14,~
1.0884591,1.6778725,15, 
1.8682652,-0.5204815,15,e
0.5318325,-1.652273,15,t
1.2164677,0.32284474,15,a
-0.76372623,1.4364917,15,o
-0.013254111,-0.1563834,15,n
0.62951,0.49175102,15,i
-0.21294166,-0.13374174,15,r
0.6922142,-1.2139348,15,s
-1.7008183,0.9877801,15,h
-1.3222815,0.8811991,15,l
0.043489814,-0.6571182,15,d
-0.5888765,-0.04243061,15,c
0.95880115,0.39849535,15,u
-1.3390505,0.1756128,15,m
-0.73182446,-0.5391587,15,f
-0.4664182,-0.43724096,15,p
-0.25452298,-0.9988057,15,g
1.2054613,-1.5882583,15,y
-0.51257443,-1.2831964,15,w
-1.4470863,0.7964489,15,b
-1.3761714,-1.4512589,15,.
-1.5942677,-0.5031568,15,","
-1.1373934,0.08563826,15,v
0.59689975,-1.1087452,15,k
1.4625511,-0.529055,15,'
0.5902433,-1.5197746,15,T
0.08410851,0.29467094,15,-
0.75122666,-1.244379,15,S
-0.20993337,-0.32618052,15,M
-1.3736967,1.4536015,15,`
0.092741154,-0.85592526,15,C
1.6038117,0.342539,15,A
-0.7515592,-1.8380922,15,1
-1.9892592,-0.023496909,15,0
-0.16205007,-0.4770666,15,B
-1.248641,0.3224287,15,H
-0.41839758,-0.36415595,15,P
1.3024077,0.56730133,15,x
0.7019401,0.21482901,15,I
0.42911053,-0.9294584,15,W
-0.037887953,-0.39762223,15,D
0.014618824,-0.4841013,15,R
-0.56925994,-0.4323858,15,F
-0.19050224,-0.11776847,15,L
-0.33160153,-0.34602168,15,G
-0.44330153,-0.034623742,15,J
-1.9186844,-0.16588682,15,2
-1.0262252,0.03708789,15,N
-1.9386961,-0.020020075,15,5
-1.1920835,0.9256855,15,j
0.34392673,-0.26440477,15,9
1.9820763,0.25960147,15,E
1.9736805,0.06782609,15,O
-0.94755423,0.8597172,15,q
-0.7460034,-0.11212587,15,K
-0.69150484,-1.698765,15,3
-0.69490993,-1.6225275,15,6
0.56144214,-1.9188128,15,z
-0.97683823,-1.4086813,15,;
-0.7543322,-1.7812897,15,4
-0.3864036,0.65918684,15,U
0.78092843,-0.64571905,15,7
-1.9061471,-0.25924173,15,8
1.6766707,0.9006536,15,$
-1.4718972,-0.7807141,15,:
-1.7814246,-0.43043122,15,)
-1.5870732,-0.47381532,15,(
-0.5004751,-1.1482362,15,Y
0.0,0.0,15,~
1.0780361,1.6845882,16, 
1.8713428,-0.5078345,16,e
0.55377644,-1.6712788,16,t
1.1873245,0.3334913,16,a
-0.7743662,1.4633952,16,o
0.024828233,-0.16545832,16,n
0.6676085,0.5019013,16,i
-0.18514822,-0.14525831,16,r
0.70073396,-1.2358828,16,s
-1.6876197,1.0303472,16,h
-1.3113867,0.8900095,16,l
0.046883967,-0.64793646,16,d
-0.5927919,-0.07328428,16,c
0.88170755,0.38153008,16,u
-1.345375,0.1679621,16,m
-0.7397153,-0.5457739,16,f
-0.44372004,-0.42415094,16,p
-0.23929864,-0.9819899,16,g
1.1718342,-1.5907385,16,y
-0.48867667,-1.2529409,16,w
-1.4523188,0.79004014,16,b
-1.3319503,-1.4892912,16,.
-1.5677968,-0.4931677,16,","
-1.1296498,0.13110909,16,v
0.6909037,-1.1277566,16,k
1.4653224,-0.51584274,16,'
0.63021344,-1.4766251,16,T
0.059958536,0.29826185,16,-
0.74600303,-1.1939335,16,S
-0.20798096,-0.32538664,16,M
-1.3481506,1.4193481,16,`
0.11753622,-0.84477365,16,C
1.6464243,0.3529836,16,A
-0.72972286,-1.8597147,16,1
-1.9500914,-0.09405588,16,0
-0.18904313,-0.39405447,16,B
-1.2213687,0.36630854,16,H
-0.39597332,-0.48673618,16,P
1.310688,0.575204,16,x
0.6381576,0.20720991,16,I
0.3386769,-0.99239075,16,W
0.012042415,-0.4414574,16,D
0.008178559,-0.41005102,16,R
-0.5479422,-0.4732697,16,F
-0.15627891,-0.054840982,16,L
-0.30651486,-0.33702534,16,G
-0.5291196,-0.031340268,16,J
-1.9553659,-0.18973663,16,2
-1.0542732,0.053230412,16,N
-1.9794743,-0.1261985,16,5
-1.2555435,0.9007817,16,j
0.48812023,-0.20093413,16,9
1.977885,0.21829143,16,E
1.962667,0.091142625,16,O
-0.9403023,0.80894935,16,q
-0.7925018,-0.15579252,16,K
-0.76498973,-1.7077826,16,3
-0.7792624,-1.6025872,16,6
0.70927125,-1.870009,16,z
-0.9173151,-1.3269862,16,;
-0.7506595,-1.673013,16,4
-0.3794823,0.6795458,16,U
0.61711144,-0.64735824,16,7
-1.9197083,-0.16826501,16,8
1.6882524,0.92895675,16,$
-1.6023772,-0.7708793,16,:
-1.7580858,-0.45418116,16,)
-1.7326572,-0.61310995,16,(
-0.56554425,-1.1757213,16,Y
0.0,0.0,16,~
1.0692173,1.6901995,17, 
1.8636621,-0.5071151,17,e
0.5781697,-1.6634362,17,t
1.1776779,0.32730153,17,a
-0.7744782,1.4393684,17,o
-0.04336923,-0.19043712,17,n
0.64662975,0.50254357,17,i
-0.16655348,-0.13229392,17,r
0.73414624,-1.2122923,17,s
-1.6998633,1.0201532,17,h
-1.3264396,0.9297975,17,l
0.06624032,-0.6379916,17,d
-0.6306536,-0.06693001,17,c
0.91059345,0.37759024,17,u
-1.3343035,0.17947923,17,m
-0.7272129,-0.52877235,17,f
-0.49382925,-0.41448918,17,p
-0.2850922,-0.99151987,17,g
1.1917242,-1.5396419,17,y
-0.48489383,-1.2896137,17,w
-1.438661,0.7932259,17,b
-1.3515812,-1.464953,17,.
-1.5949186,-0.5156929,17,","
-1.123206,0.16231237,17,v
0.6728446,-1.1803277,17,k
1.4824796,-0.5381767,17,'
0.60565424,-1.5261561,17,T
0.08573336,0.2582283,17,-
0.75047415,-1.2201706,17,S
-0.2392335,-0.3336834,17,M
-1.3941808,1.4339665,17,`
0.085978724,-0.78361994,17,C
1.6477082,0.34662387,17,A
-0.71968466,-1.859515,17,1
-1.9984987,-0.026997222,17,0
-0.2837105,-0.41192085,17,B
-1.2225313,0.36115268,17,H
-0.33647186,-0.52622,17,P
1.2742122,0.56743336,17,x
0.760523,0.29842377,17,I
0.44439647,-0.92526543,17,W
-0.033994153,-0.43971214,17,D
-0.0050457735,-0.4489316,17,R
-0.53172636,-0.49714246,17,F
-0.14229731,-0.057021197,17,L
-0.29376993,-0.33387598,17,G
-0.4831113,-0.057507925,17,J
-1.9472337,-0.26355475,17,2
-1.1193099,0.1290384,17,N
-1.9271156,-0.07358081,17,5
-1.2215039,0.83682674,17,j
0.3890766,-0.19596462,17,9
1.9838294,0.25381196,17,E
1.934122,0.013468418,17,O
-0.931911,0.85452724,17,q
-0.6533592,-0.075206235,17,K
-0.67952657,-1.6817064,17,3
-0.7629626,-1.5701674,17,6
0.718072,-1.8666475,17,z
-0.9220529,-1.4254609,17,;
-0.7844445,-1.6447859,17,4
-0.38367018,0.6424384,17,U
0.7770696,-0.5811717,17,7
-1.9723179,-0.18497077,17,8
1.6643809,0.90476733,17,$
-1.563028,-0.7695617,17,:
-1.7229558,-0.42774758,17,)
-1.5824327,-0.52628225,17,(
-0.5508765,-1.2451227,17,Y
0.0,0.0,17,~
1.0721084,1.6878581,18, 
1.8599768,-0.47946656,18,e
0.5608067,-1.6633807,18,t
1.1788833,0.33692262,18,a
-0.783768,1.4598316,18,o
-0.0018660126,-0.15980989,18,n
0.6359548,0.5167919,18,i
-0.21265319,-0.13135758,18,r
0.7210424,-1.2309021,18,s
-1.6631285,1.0450491,18,h
-1.3320438,0.9089772,18,l
0.045229867,-0.6345912,18,d
-0.61697435,-0.06321163,18,c
0.8993439,0.37501454,18,u
-1.3243778,0.16496412,18,m
-0.70896053,-0.5486449,18,f
-0.4825012,-0.45174295,18,p
-0.26267377,-1.0160679,18,g
1.16758,-1.5930314,18,y
-0.48353553,-1.2817469,18,w
-1.4273032,0.7793986,18,b
-1.3099381,-1.5113114,18,.
-1.5795071,-0.4939842,18,","
-1.1661733,0.15967706,18,v
0.7075982,-1.1332774,18,k
1.5148315,-0.52569604,18,'
0.6084869,-1.5105623,18,T
0.07324524,0.2804782,18,-
0.7353358,-1.1924437,18,S
-0.2438189,-0.34014338,18,M
-1.3904881,1.4375472,18,`
0.10238937,-0.8397534,18,C
1.5890483,0.34597948,18,A
-0.71526563,-1.7560205,18,1
-1.9872144,-0.10055137,18,0
-0.31492314,-0.32958442,18,B
-1.3028228,0.28107068,18,H
-0.32678267,-0.5690691,18,P
1.3212937,0.54217947,18,x
0.7508495,0.27556312,18,I
0.4095484,-0.9384476,18,W
-0.03345918,-0.4537448,18,D
-0.009197421,-0.43464386,18,R
-0.5217175,-0.45050567,18,F
-0.16251194,-0.0512545,18,L
-0.29242823,-0.32280168,18,G
-0.44510505,-0.06230186,18,J
-1.957333,-0.2723025,18,2
-1.1096659,0.2096563,18,N
-1.9576758,-0.06099964,18,5
-1.181168,1.0259303,18,j
0.4237913,-0.27808258,18,9
1.9707016,0.27180478,18,E
1.9543202,0.07448045,18,O
-0.90440565,0.85143626,18,q
-0.6726937,-0.18703154,18,K
-0.67997205,-1.7019749,18,3
-0.72578424,-1.60037,18,6
0.63321024,-1.8883451,18,z
-0.9097814,-1.3172487,18,;
-0.71187395,-1.6805317,18,4
-0.38005593,0.67795485,18,U
0.7597866,-0.6604675,18,7
-1.9703265,-0.15214537,18,8
1.6272855,0.89640075,18,$
-1.5949937,-0.7396914,18,:
-1.7347528,-0.41481116,18,)
-1.6639655,-0.60485286,18,(
-0.423098,-1.0880038,18,Y
0.0,0.0,18,~
1.0667273,1.6847321,19, 
1.8590467,-0.47957718,19,e
0.5708604,-1.6631168,19,t
1.1321086,0.32056916,19,a
-0.774225,1.462892,19,o
-0.029836116,-0.14018095,19,n
0.6120573,0.5047813,19,i
-0.17986889,-0.120895416,19,r
0.6999365,-1.2334323,19,s
-1.6927398,1.0401417,19,h
-1.3019327,0.9109261,19,l
0.07246395,-0.65165114,19,d
-0.60143477,-0.07467174,19,c
0.9055603,0.40611473,19,u
-1.3179505,0.15226962,19,m
-0.7231883,-0.5576288,19,f
-0.4768771,-0.41295737,19,p
-0.26146585,-0.95995706,19,g
1.1792191,-1.5883287,19,y
-0.4975198,-1.260494,19,w
-1.3942153,0.7836087,19,b
-1.3404729,-1.4629819,19,.
-1.5664576,-0.54236245,19,","
-1.1241304,0.15655075,19,v
0.70724416,-1.1398431,19,k
1.5119908,-0.49566734,19,'
0.66429144,-1.5116115,19,T
0.09497027,0.304557,19,-
0.7368256,-1.2480898,19,S
-0.21521534,-0.375725,19,M
-1.354969,1.4690417,19,`
0.07322279,-0.8464128,19,C
1.5879555,0.29940867,19,A
-0.72279495,-1.8632108,19,1
-1.9886168,-0.13836628,19,0
-0.32137576,-0.21201748,19,B
-1.2714434,0.34826672,19,H
-0.33222693,-0.50053304,19,P
1.3601829,0.53274107,19,x
0.76071686,0.266678,19,I
0.41840532,-0.97033757,19,W
-0.058207445,-0.49225193,19,D
0.017916637,-0.4375083,19,R
-0.5100514,-0.49056628,19,F
-0.15157169,-0.08095735,19,L
-0.22810623,-0.2471648,19,G
-0.4221956,-0.04865132,19,J
-1.9522004,-0.28795716,19,2
-1.0522603,0.25550875,19,N
-1.9908308,-0.13135731,19,5
-1.2341675,0.80199015,19,j
0.45685825,-0.3025608,19,9
1.9624995,0.26030013,19,E
1.9137602,-0.016833358,19,O
-0.89974403,0.8381682,19,q
-0.6732633,-0.15960011,19,K
-0.7833531,-1.6807998,19,3
-0.7684883,-1.7030528,19,6
0.60927695,-1.887641,19,z
-0.9072212,-1.3151115,19,;
-0.6772405,-1.641498,19,4
-0.37666687,0.654907,19,U
0.7980255,-0.67003113,19,7
-1.9312865,-0.1184861,19,8
1.611044,0.9933086,19,$
-1.5362682,-0.67586106,19,:
-1.711889,-0.46626648,19,)
-1.6487465,-0.59524214,19,(
-0.48899558,-1.146908,19,Y
0.0,0.0,19,~
1.0859113,1.6787696,20, 
1.8425723,-0.4637071,20,e
0.5791473,-1.6535239,20,t
1.167802,0.33497792,20,a
-0.7714542,1.4487679,20,o
-0.004664167,-0.13215633,20,n
0.6072906,0.5148107,20,i
-0.14837722,-0.13522828,20,r
0.693987,-1.2270561,20,s
-1.6869566,1.0641195,20,h
-1.2861342,0.9097818,20,l
0.09805907,-0.6325614,20,d
-0.5980306,-0.07710046,20,c
0.9395612,0.368291,20,u
-1.276979,0.19199942,20,m
-0.7404133,-0.5353598,20,f
-0.49090505,-0.368193,20,p
-0.25655583,-0.9418338,20,g
1.2182763,-1.563444,20,y
-0.48456627,-1.262356,20,w
-1.4129894,0.8209954,20,b
-1.3162563,-1.4604825,20,.
-1.5419171,-0.5076861,20,","
-1.1111574,0.18048136,20,v
0.678067,-1.1258678,20,k
1.4965386,-0.5114982,20,'
0.66447616,-1.5162364,20,T
0.061112035,0.2855292,20,-
0.7126832,-1.2145667,20,S
-0.16438703,-0.3864186,20,M
-1.3450254,1.4381555,20,`
0.09810742,-0.8643135,20,C
1.5982049,0.30751073,20,A
-0.6579789,-1.808881,20,1
-1.9991107,-0.05962902,20,0
-0.381949,-0.29456204,20,B
-1.2513516,0.29153565,20,H
-0.33804956,-0.5654389,20,P
1.370613,0.5007115,20,x
0.76542014,0.2743116,20,I
0.39209837,-0.9570529,20,W
0.006808278,-0.46883768,20,D
0.022619102,-0.4658477,20,R
-0.6362989,-0.5131748,20,F
-0.13521054,-0.07232774,20,L
-0.3180106,-0.35031214,20,G
-0.38663846,-0.092932425,20,J
-1.9281603,-0.27542648,20,2
-1.056751,0.24255778,20,N
-1.994852,-0.11579167,20,5
-1.2209905,0.84539324,20,j
0.42248428,-0.22665039,20,9
1.9452001,0.3392658,20,E
1.9283926,0.028544107,20,O
-0.91583353,0.866764,20,q
-0.66963124,-0.1815312,20,K
-0.6660402,-1.7024555,20,3
-0.7089782,-1.7370907,20,6
0.69912124,-1.8738272,20,z
-0.9097927,-1.2549608,20,;
-0.7593984,-1.6760286,20,4
-0.37318563,0.66532105,20,U
0.6818052,-0.7225246,20,7
-1.952362,-0.12822351,20,8
1.5629228,0.9570921,20,$
-1.5698736,-0.6927135,20,:
-1.7486638,-0.47000125,20,)
-1.6502851,-0.6451532,20,(
-0.5544341,-1.2200574,20,Y
0.0,0.0,20,~
1.0805954,1.6829479,21, 
1.8311167,-0.46040085,21,e
0.5845336,-1.6349638,21,t
1.1639607,0.3575649,21,a
-0.77614135,1.434864,21,o
0.004101764,-0.14290585,21,n
0.60414565,0.5197731,21,i
-0.1974066,-0.1402618,21,r
0.7002419,-1.2393333,21,s
-1.6977262,1.0522362,21,h
-1.3103942,0.90324146,21,l
0.09141504,-0.66983026,21,d
-0.64881384,-0.07815358,21,c
0.926623,0.37657556,21,u
-1.2921916,0.17185254,21,m
-0.7083527,-0.57900417,21,f
-0.4492771,-0.37479278,21,p
-0.273698,-0.93070996,21,g
1.1691837,-1.5375355,21,y
-0.46740568,-1.2683102,21,w
-1.4239377,0.7551948,21,b
-1.3337659,-1.4900753,21,.
-1.6106851,-0.5785794,21,","
-1.1475288,0.18288527,21,v
0.6632475,-1.1781322,21,k
1.5095332,-0.5121364,21,'
0.668323,-1.5496515,21,T
0.08524732,0.2511648,21,-
0.7756265,-1.2414148,21,S
-0.14238201,-0.34118608,21,M
-1.359043,1.4673109,21,`
0.13006414,-0.80617064,21,C
1.5933896,0.33493397,21,A
-0.6950375,-1.7999909,21,1
-1.9908309,-0.106118284,21,0
-0.43122458,-0.21222712,21,B
-1.266299,0.29229727,21,H
-0.33562836,-0.52570665,21,P
1.4026972,0.53218913,21,x
0.69177395,0.24968334,21,I
0.4503716,-0.937222,21,W
-0.015950017,-0.45637342,21,D
0.06156653,-0.4290715,21,R
-0.5239689,-0.38218552,21,F
-0.16745158,-0.07557747,21,L
-0.20467304,-0.3125621,21,G
-0.3815915,-0.06976411,21,J
-1.9014673,-0.23362799,21,2
-1.0835149,0.25791374,21,N
-1.9941639,-0.15267585,21,5
-1.2205919,0.92157656,21,j
0.43926165,-0.26762688,21,9
1.9658682,0.2729601,21,E
1.9542841,0.054433856,21,O
-0.9006465,0.8470375,21,q
-0.6265479,-0.14891979,21,K
-0.7307027,-1.7195216,21,3
-0.7343503,-1.6694423,21,6
0.66275364,-1.886997,21,z
-0.9144628,-1.204195,21,;
-0.72792065,-1.5916497,21,4
-0.38366246,0.6806448,21,U
0.801649,-0.6881318,21,7
-1.9347733,-0.058752,21,8
1.5401286,0.85572606,21,$
-1.5846349,-0.65714073,21,:
-1.7791178,-0.54086477,21,)
-1.6800821,-0.6740969,21,(
-0.49129423,-1.247924,21,Y
0.0,0.0,21,~
1.0849539,1.6801413,22, 
1.8181429,-0.4594078,22,e
0.60405886,-1.626679,22,t
1.1590344,0.33698067,22,a
-0.75844336,1.4183469,22,o
-0.02842158,-0.15640092,22,n
0.5939335,0.5413104,22,i
-0.17275748,-0.13037066,22,r
0.71169895,-1.2215884,22,s
-1.6715128,1.0661013,22,h
-1.2752796,0.9053424,22,l
0.076870844,-0.61491656,22,d
-0.6149376,-0.06990159,22,c
0.90101993,0.3754023,22,u
-1.3046441,0.13411798,22,m
-0.7356381,-0.53167135,22,f
-0.478022,-0.36203897,22,p
-0.21967362,-0.9935869,22,g
1.1888648,-1.6025753,22,y
-0.4626833,-1.2710836,22,w
-1.4083825,0.7538136,22,b
-1.3094606,-1.5046569,22,.
-1.5698209,-0.5872421,22,","
-1.1406968,0.15588163,22,v
0.7286967,-1.1601987,22,k
1.5188769,-0.48407876,22,'
0.7116904,-1.5400932,22,T
0.10074355,0.31521264,22,-
0.696876,-1.2172394,22,S
-0.19787131,-0.3157755,22,M
-1.382044,1.4456564,22,`
0.15090938,-0.78436345,22,C
1.6312131,0.30941424,22,A
-0.68801606,-1.8229473,22,1
-1.9998577,-0.023852013,22,0
-0.47537056,-0.29149053,22,B
-1.2677962,0.31737643,22,H
-0.3201919,-0.51952165,22,P
1.4283952,0.53618103,22,x
0.67174876,0.26976785,22,I
0.45136788,-0.9352755,22,W
-0.03750738,-0.4628616,22,D
0.038218193,-0.46530813,22,R
-0.5854001,-0.4553321,22,F
-0.14921136,-0.116500884,22,L
-0.21840167,-0.41370657,22,G
-0.42884457,-0.10547752,22,J
-1.9432328,-0.25581545,22,2
-1.098618,0.23805447,22,N
-1.9942641,-0.09018349,22,5
-1.1456983,0.9146466,22,j
0.46803972,-0.24790575,22,9
1.8718472,0.25073075,22,E
1.9890532,0.015682174,22,O
-0.9176918,0.8508884,22,q
-0.609695,-0.10292028,22,K
-0.67544466,-1.7104417,22,3
-0.7359748,-1.6768982,22,6
0.6649133,-1.8848267,22,z
-0.91667056,-1.2929262,22,;
-0.7613752,-1.6761287,22,4
-0.390428,0.66313964,22,U
0.7830076,-0.62011033,22,7
-1.9738357,-0.14233474,22,8
1.4622339,0.8995926,22,$
-1.623103,-0.70865667,22,:
-1.7437963,-0.49919945,22,)
-1.632708,-0.5821149,22,(
-0.5497606,-1.1754018,22,Y
0.0,0.0,22,~
1.0613463,1.695153,23, 
1.8293905,-0.45051056,23,e
0.6087783,-1.6429223,23,t
1.1724279,0.34490544,23,a
-0.7512863,1.4227843,23,o
-0.050809186,-0.12519409,23,n
0.6381889,0.5415998,23,i
-0.16735516,-0.11104973,23,r
0.69704324,-1.2362063,23,s
-1.6651448,1.0852647,23,h
-1.2791699,0.8906668,23,l
0.10500128,-0.6235073,23,d
-0.617358,-0.115046434,23,c
0.92308843,0.3705589,23,u
-1.2945492,0.16178934,23,m
-0.72846466,-0.53446496,23,f
-0.53261095,-0.3527577,23,p
-0.25308192,-0.9821051,23,g
1.2374983,-1.5656419,23,y
-0.46582457,-1.2661713,23,w
-1.4144677,0.80015445,23,b
-1.3639163,-1.4470867,23,.
-1.5530931,-0.53966635,23,","
-1.159054,0.20665003,23,v
0.7308218,-1.1728729,23,k
1.5000882,-0.49282095,23,'
0.6497919,-1.5636218,23,T
0.08805203,0.29493088,23,-
0.7466348,-1.2045299,23,S
-0.19804688,-0.32680476,23,M
-1.3847752,1.4423234,23,`
0.14330468,-0.8084484,23,C
1.6868794,0.30741364,23,A
-0.6767195,-1.8084278,23,1
-1.9976128,-0.097686514,23,0
-0.5309528,-0.2574046,23,B
-1.1828613,0.27808073,23,H
-0.27918762,-0.5872448,23,P
1.5347481,0.5672384,23,x
0.7058897,0.29772004,23,I
0.38394028,-1.0036627,23,W
0.0063573257,-0.429929,23,D
0.051350653,-0.4878394,23,R
-0.6032187,-0.4002531,23,F
-0.129097,-0.041656014,23,L
-0.15508932,-0.39457285,23,G
-0.38291922,-0.09884649,23,J
-1.9785751,-0.21780367,23,2
-0.99711406,0.35905662,23,N
-1.974245,-0.12591165,23,5
-1.1647079,0.89254224,23,j
0.45270413,-0.24534649,23,9
1.9280583,0.25022238,23,E
1.9517921,0.041289777,23,O
-0.9776598,0.91163486,23,q
-0.7436683,-0.14720155,23,K
-0.71685946,-1.676494,23,3
-0.73997134,-1.6817751,23,6
0.6596371,-1.8550438,23,z
-0.94507056,-1.1764172,23,;
-0.72932583,-1.6714602,23,4
-0.36836562,0.6952519,23,U
0.78566533,-0.6977507,23,7
-1.9871935,-0.17529829,23,8
1.5417356,0.91019684,23,$
-1.6731791,-0.68373734,23,:
-1.6922221,-0.46071905,23,)
-1.6550401,-0.5743573,23,(
-0.538489,-1.2220653,23,Y
0.0,0.0,23,~
1.0722536,1.6882749,24, 
1.8161651,-0.44752154,24,e
0.6028957,-1.6710027,24,t
1.1772579,0.35682786,24,a
-0.7554076,1.4376549,24,o
-0.013350696,-0.13117163,24,n
0.6327115,0.5127917,24,i
-0.20946062,-0.13104513,24,r
0.71288776,-1.2270567,24,s
-1.6770167,1.0767393,24,h
-1.299992,0.91122377,24,l
0.0644787,-0.6683893,24,d
-0.6436411,-0.063592546,24,c
0.89667904,0.3699426,24,u
-1.2915492,0.16292037,24,m
-0.7450386,-0.51741225,24,f
-0.48660517,-0.38842246,24,p
-0.26204577,-0.9466353,24,g
1.1981595,-1.6013786,24,y
-0.47831565,-1.272275,24,w
-1.4034711,0.76018476,24,b
-1.3396509,-1.4660777,24,.
-1.5713307,-0.5507468,24,","
-1.1797069,0.1556913,24,v
0.6986036,-1.2343736,24,k
1.5298404,-0.49941182,24,'
0.7197234,-1.5318692,24,T
0.088231325,0.2831352,24,-
0.76902574,-1.2118452,24,S
-0.18689945,-0.35185704,24,M
-1.3823208,1.4270636,24,`
0.060823854,-0.7738292,24,C
1.5271016,0.27345315,24,A
-0.71247,-1.865156,24,1
-1.997044,-0.09942661,24,0
-0.5625901,-0.27765495,24,B
-1.2020563,0.37001613,24,H
-0.24408823,-0.5677835,24,P
1.5268168,0.5450978,24,x
0.6952612,0.26699135,24,I
0.44048786,-0.9995125,24,W
0.019673798,-0.3987353,24,D
0.11745202,-0.47115394,24,R
-0.59523916,-0.40507236,24,F
-0.16961078,0.0027884021,24,L
-0.18654463,-0.48409685,24,G
-0.4588117,-0.11074604,24,J
-1.9524055,-0.28596315,24,2
-1.117373,0.33614647,24,N
-1.9928564,-0.13134812,24,5
-1.124855,0.8127814,24,j
0.43424737,-0.20949775,24,9
1.9309217,0.25164396,24,E
1.9039198,0.035213836,24,O
-0.9064612,0.8823844,24,q
-0.6411199,-0.13068165,24,K
-0.7182886,-1.7074897,24,3
-0.7136362,-1.6482674,24,6
0.7014466,-1.8529552,24,z
-0.9542928,-1.1655686,24,;
-0.74380517,-1.5478536,24,4
-0.38338727,0.6694089,24,U
0.7757046,-0.6903232,24,7
-1.9695522,-0.19979812,24,8
1.4423295,0.9145304,24,$
-1.7105885,-0.6953825,24,:
-1.6537312,-0.508112,24,)
-1.5668576,-0.5915418,24,(
-0.5218083,-1.22933,24,Y
0.0,0.0,24,~
1.0707808,1.6892093,25, 
1.8280646,-0.4476512,25,e
0.6248569,-1.6475551,25,t
1.1758107,0.3517782,25,a
-0.7588876,1.4163985,25,o
-0.03780941,-0.15997666,25,n
0.6018116,0.5230136,25,i
-0.16921543,-0.119982526,25,r
0.7470388,-1.2157642,25,s
-1.6739862,1.0639491,25,h
-1.276574,0.878321,25,l
0.0692327,-0.6422341,25,d
-0.5896373,-0.08405415,25,c
0.9340627,0.39847013,25,u
-1.3130306,0.15697955,25,m
-0.70824236,-0.5254275,25,f
-0.506318,-0.3453159,25,p
-0.2832244,-0.96534985,25,g
1.1929814,-1.558594,25,y
-0.46543822,-1.2590461,25,w
-1.4047409,0.7383539,25,b
-1.3609792,-1.4582729,25,.
-1.5727692,-0.54959077,25,","
-1.1297836,0.15649517,25,v
0.6583694,-1.1693071,25,k
1.4959911,-0.5017657,25,'
0.65964687,-1.5784682,25,T
0.06630846,0.25978193,25,-
0.72746533,-1.2025115,25,S
-0.1846515,-0.32901502,25,M
-1.39764,1.430595,25,`
0.15407449,-0.8143178,25,C
1.5647311,0.32094318,25,A
-0.7048546,-1.8632954,25,1
-1.996607,-0.11644975,25,0
-0.5301466,-0.26534542,25,B
-1.2010733,0.27280498,25,H
-0.30966973,-0.5681612,25,P
1.5028678,0.48138753,25,x
0.67940784,0.25407973,25,I
0.47687992,-0.9772437,25,W
-0.016761433,-0.40562126,25,D
0.09318035,-0.52138317,25,R
-0.6741892,-0.42458892,25,F
-0.1817478,-0.063875206,25,L
-0.09496173,-0.4399963,25,G
-0.43280524,-0.09359722,25,J
-1.9253975,-0.2647425,25,2
-1.0635774,0.33235058,25,N
-1.947958,-0.115711816,25,5
-1.1223197,0.9146305,25,j
0.35329947,-0.18877596,25,9
1.8799163,0.2976412,25,E
1.9453678,-0.008169673,25,O
-0.9385242,0.9189373,25,q
-0.73456955,-0.111482814,25,K
-0.75787956,-1.6732662,25,3
-0.8015404,-1.7013605,25,6
0.6976031,-1.8743931,25,z
-0.9635558,-1.079665,25,;
-0.7256652,-1.6283656,25,4
-0.3825206,0.6954881,25,U
0.91694176,-0.6451494,25,7
-1.9527614,-0.28659365,25,8
1.4519502,0.8978149,25,$
-1.5740004,-0.65754426,25,:
-1.733551,-0.42044994,25,)
-1.6408343,-0.5862353,25,(
-0.48651066,-1.2219088,25,Y
0.0,0.0,25,~
